[ {
	"duration": 1,
	"sprite": "Camera\\cam_01.png"
}, {
	"duration": 1,
	"sprite": "Camera\\cam_02.png"
}, {
	"duration": 1,
	"sprite": "Camera\\cam_03.png"
}, {
	"duration": 1,
	"sprite": "Camera\\cam_04.png"
}, {
	"duration": 1,
	"sprite": "Camera\\cam_05.png"
}, {
	"duration": 1,
	"sprite": "Camera\\cam_06.png"
}, {
	"duration": 1,
	"sprite": "Camera\\cam_07.png"
}, {
	"duration": 1,
	"sprite": "Camera\\cam_08.png"
}, {
	"duration": 1,
	"sprite": "Camera\\cam_09.png"
}, {
	"duration": 1,
	"sprite": "Camera\\cam_10.png"
}, {
	"duration": 1,
	"sprite": "Camera\\cam_11.png"
} ]