{
	"animatronics": {
		"Boster": {
			"ai": [ 6, 0, 0, 0, 0, 0, 7 ],
			"ignoremask": false,
			"jumpscare": [ "", "" ],
			"path": [ {
				"id": "Stage",
				"type": "camera"
			}, {
				"id": "Dining",
				"type": "camera"
			}, {
				"id": "p/s",
				"type": "camera"
			}, {
				"id": "hallway",
				"type": "camera"
			}, {
				"id": "door",
				"type": "door"
			}, {
				"type": "office"
			} ]
		},
		"Cleo": {
			"ai": [ 5, 0, 0, 0, 0, 0, 0 ],
			"ignoremask": false,
			"jumpscare": [ "", "" ],
			"path": [ {
				"id": "Stage",
				"type": "camera"
			}, {
				"id": "Dining",
				"type": "camera"
			}, {
				"id": "p/s",
				"type": "camera"
			}, {
				"id": "vent",
				"type": "camera"
			}, {
				"id": "vent",
				"type": "door"
			}, {
				"type": "office"
			} ]
		}
	},
	"cameras": {
		"CamUI": {
			"buttons": {
				"Dining": [ "Cam ui\\Map button.png", 14, 59, "" ],
				"Stage": [ "Cam ui\\Map button.png", 14, 35, "" ],
				"hallway": [ "Cam ui\\Map button.png", 16, 100, "" ],
				"p/s": [ "Cam ui\\Map button.png", 16, 80, "" ],
				"vent": [ "Cam ui\\Map button.png", 42, 100, "" ]
			},
			"music_box": [ 545, 68 ],
			"sprites": []
		},
		"Dining": {
			"panorama": false,
			"states": {
				"Boster": "cams\\Dining_b.png",
				"Boster,Cleo": "cams\\Dining_b,u.png",
				"Cleo": "cams\\Dining_u.png",
				"Default": "cams\\Dining.png"
			},
			"static": true
		},
		"Stage": {
			"panorama": false,
			"states": {
				"Boster": "cams\\Stage_b.png",
				"Boster,Cleo": "cams\\Stage_b,u.png",
				"Cleo": "cams\\Stage_u.png",
				"Default": "cams\\Stage.png"
			},
			"static": true
		},
		"hallway": {
			"panorama": false,
			"states": {
				"Boster": "cams\\hallway_b.png",
				"Default": "cams\\hallway.png"
			},
			"static": true
		},
		"p/s": {
			"panorama": false,
			"states": {
				"Boster": "cams\\p_s_b.png",
				"Boster,Cleo": "cams\\p_s_b,u.png",
				"Cleo": "cams\\p_s_u.png",
				"Default": "cams\\p_s.png"
			},
			"static": true
		},
		"vent": {
			"panorama": false,
			"states": {
				"Cleo": "cams\\vent_u.png",
				"Default": "cams\\vent.png"
			},
			"static": true
		}
	},
	"ext_data": {
		"skmutecall": {
			"HideDelay": 400
		}
	},
	"game_info": {
		"fullscreen": false,
		"id": "fnab89665",
		"title": "Five Nights at Boster's"
	},
	"loaded_extensions": [ "Mute Call" ],
	"menus": {
		"CustomNight": {
			"code": [ {
				"args": [],
				"block": "on_game_loop",
				"subcode": [ {
					"args": [ "Esc" ],
					"block": "key_held",
					"subcode": [ {
						"args": [ "Main" ],
						"block": "goto_menu"
					} ]
				} ]
			}, {
				"args": [ "start" ],
				"block": "image_clicked",
				"subcode": [ {
					"args": [],
					"block": "start_custom_night"
				} ]
			} ],
			"elements": [ {
				"hidden": false,
				"id": "",
				"sprite": "info.png",
				"type": "Image",
				"x": 76,
				"y": 312
			}, {
				"hidden": false,
				"id": "start",
				"sprite": "rdy.png",
				"type": "Image",
				"x": 503,
				"y": 302
			}, {
				"animatronic": "Boster",
				"hidden": false,
				"id": "",
				"sprite": "cams\\Stage_b.png",
				"type": "CustomNightIcon",
				"x": 182,
				"y": 111
			}, {
				"animatronic": "Cleo",
				"hidden": false,
				"id": "",
				"sprite": "cams\\Stage_u.png",
				"type": "CustomNightIcon",
				"x": 318,
				"y": 105
			}, {
				"fontname": "Consolas",
				"fontsize": 36,
				"hidden": false,
				"id": "",
				"text": "Custom Night",
				"type": "StaticText",
				"x": 207,
				"y": 61
			} ],
			"properties": {
				"BackgroundImage": "",
				"BackgroundMusic": "",
				"StaticEffect": true
			}
		},
		"Ending6": {
			"code": [ {
				"args": [],
				"block": "on_menu_start",
				"subcode": [ {
					"args": [ "EndScreen" ],
					"block": "delete_data"
				} ]
			}, {
				"args": [ "80" ],
				"block": "current_tick_equals",
				"subcode": [ {
					"args": [ "Main" ],
					"block": "goto_menu"
				} ]
			}, {
				"args": [],
				"block": "user_left_clicked",
				"subcode": [ {
					"args": [ "Main" ],
					"block": "goto_menu"
				} ]
			} ],
			"elements": [],
			"properties": {
				"BackgroundImage": "Endings\\Night6Ending.png",
				"BackgroundMusic": "",
				"StaticEffect": false
			}
		},
		"Ending7": {
			"code": [ {
				"args": [],
				"block": "on_menu_start",
				"subcode": [ {
					"args": [ "EndScreen" ],
					"block": "delete_data"
				} ]
			}, {
				"args": [ "80" ],
				"block": "current_tick_equals",
				"subcode": [ {
					"args": [ "Main" ],
					"block": "goto_menu"
				} ]
			}, {
				"args": [],
				"block": "user_left_clicked",
				"subcode": [ {
					"args": [ "Main" ],
					"block": "goto_menu"
				} ]
			} ],
			"elements": [],
			"properties": {
				"BackgroundImage": "Endings\\Fired.png",
				"BackgroundMusic": "",
				"StaticEffect": false
			}
		},
		"GameOver": {
			"code": [ {
				"args": [ "100" ],
				"block": "current_tick_equals",
				"subcode": [ {
					"args": [ "Main" ],
					"block": "goto_menu"
				} ]
			}, {
				"args": [],
				"block": "user_left_clicked",
				"subcode": [ {
					"args": [ "Main" ],
					"block": "goto_menu"
				} ]
			} ],
			"elements": [ {
				"fontname": "Consolas",
				"fontsize": 36,
				"hidden": false,
				"id": "",
				"text": "Game Over",
				"type": "StaticText",
				"x": 243,
				"y": 157
			} ],
			"properties": {
				"BackgroundImage": "",
				"BackgroundMusic": "",
				"StaticEffect": true
			}
		},
		"Main": {
			"code": [ {
				"args": [ "newgame" ],
				"block": "button_clicked",
				"subcode": [ {
					"args": [ "News" ],
					"block": "goto_menu"
				} ]
			}, {
				"args": [ "continue" ],
				"block": "button_clicked",
				"subcode": [ {
					"args": [],
					"block": "continue_game"
				} ]
			}, {
				"args": [],
				"block": "on_game_loop",
				"subcode": [ {
					"args": [ "continue" ],
					"block": "is_button_selected",
					"subcode": [ {
						"args": [ "night_txt" ],
						"block": "show_element"
					}, {
						"args": [ "night_txt", "Night %data(Night)" ],
						"block": "set_text"
					} ]
				}, {
					"args": [ "continue" ],
					"block": "is_button_selected",
					"negated": true,
					"subcode": [ {
						"args": [ "night_txt" ],
						"block": "hide_element"
					} ]
				} ]
			}, {
				"args": [],
				"block": "on_menu_start",
				"subcode": [ {
					"args": [ "%data(beat5)", "==", "1" ],
					"block": "compare_values",
					"subcode": [ {
						"args": [ "6thnight" ],
						"block": "show_element"
					} ]
				}, {
					"args": [ "%data(beat6)", "==", "1" ],
					"block": "compare_values",
					"subcode": [ {
						"args": [ "cn" ],
						"block": "show_element"
					} ]
				}, {
					"args": [ "%data(EndScreen)", "<>", "None" ],
					"block": "compare_values",
					"subcode": [ {
						"args": [ "%data(EndScreen)" ],
						"block": "goto_menu"
					} ]
				} ]
			}, {
				"args": [ "6thnight" ],
				"block": "button_clicked",
				"subcode": [ {
					"args": [ "6" ],
					"block": "start_night"
				} ]
			}, {
				"args": [ "cn" ],
				"block": "button_clicked",
				"subcode": [ {
					"args": [ "CustomNight" ],
					"block": "goto_menu"
				} ]
			} ],
			"elements": [ {
				"fontname": "Consolas",
				"fontsize": 36,
				"hidden": false,
				"id": "newgame",
				"text": "New Game",
				"type": "Button",
				"x": 80,
				"y": 189
			}, {
				"fontname": "Consolas",
				"fontsize": 36,
				"hidden": false,
				"id": "continue",
				"text": "Continue",
				"type": "Button",
				"x": 80,
				"y": 222
			}, {
				"fontname": "Consolas",
				"fontsize": 36,
				"hidden": true,
				"id": "6thnight",
				"text": "6th Night",
				"type": "Button",
				"x": 80,
				"y": 257
			}, {
				"fontname": "Consolas",
				"fontsize": 36,
				"hidden": true,
				"id": "cn",
				"text": "Custom Night",
				"type": "Button",
				"x": 80,
				"y": 289
			}, {
				"fontname": "Consolas",
				"fontsize": 18,
				"hidden": true,
				"id": "night_txt",
				"text": "Night 1",
				"type": "StaticText",
				"x": 82,
				"y": 244
			} ],
			"properties": {
				"BackgroundImage": "Menus\\Main\\2.png",
				"BackgroundMusic": "darkness music.wav",
				"StaticEffect": true
			}
		},
		"News": {
			"code": [ {
				"args": [ "80" ],
				"block": "current_tick_equals",
				"subcode": [ {
					"args": [],
					"block": "start_new_game"
				} ]
			}, {
				"args": [],
				"block": "user_left_clicked",
				"subcode": [ {
					"args": [],
					"block": "start_new_game"
				} ]
			} ],
			"elements": [],
			"properties": {
				"BackgroundImage": "",
				"BackgroundMusic": "",
				"StaticEffect": false
			}
		},
		"Warning": {
			"code": [ {
				"args": [ "80" ],
				"block": "current_tick_equals",
				"subcode": [ {
					"args": [ "Main" ],
					"block": "goto_menu"
				} ]
			}, {
				"args": [],
				"block": "user_left_clicked",
				"subcode": [ {
					"args": [ "Main" ],
					"block": "goto_menu"
				} ]
			} ],
			"elements": [ {
				"hidden": false,
				"id": "",
				"sprite": "warning.png",
				"type": "Image",
				"x": 198,
				"y": 140
			} ],
			"properties": {
				"BackgroundImage": "",
				"BackgroundMusic": "",
				"StaticEffect": false
			}
		}
	},
	"office": {
		"animations": {
			"camera": "Camera",
			"mask": "Mask",
			"powerout": "Camera"
		},
		"flashlight": false,
		"mask": false,
		"objects": [ {
			"animation": "Door",
			"close_sound": "",
			"id": "vent",
			"open_sound": "",
			"position": [ 40, 170 ],
			"type": "door"
		}, {
			"animation": "Door",
			"close_sound": "",
			"id": "door",
			"open_sound": "",
			"position": [ 643, 137 ],
			"type": "door"
		}, {
			"id": "door",
			"on_sprite": "Office\\Bootons\\BootonOn.png",
			"position": [ 417, 147 ],
			"sprite": "Office\\Bootons\\BootonOff.png",
			"trigger": [ 1, 0, 41, 41 ],
			"type": "door_button"
		}, {
			"id": "vent",
			"on_sprite": "Office\\Bootons\\BootonOn.png",
			"position": [ 339, 146 ],
			"sprite": "Office\\Bootons\\BootonOff.png",
			"trigger": [ 0, 0, 43, 42 ],
			"type": "door_button"
		} ],
		"panorama": false,
		"power": {
			"animatronic": "",
			"enabled": false,
			"starting_level": 99,
			"ucn": false
		},
		"states": {
			"Boster": "Office\\Office with boster.png",
			"Cleo": "Office\\Office with cleo.png",
			"Default": "Office\\Office.png"
		},
		"toxic": false,
		"uibuttons": {
			"camera": {
				"image": "e.defaultcamera",
				"position": [ 305, 323 ]
			},
			"mask": {
				"image": "e.defaultmask",
				"position": [ 175, 315 ]
			}
		}
	},
	"sounds": {
		"ambience": "ColdPresc B.wav",
		"animatronic_move": [],
		"blip": "blip3.wav",
		"camdown": "put down.wav",
		"camup": "put down.wav",
		"flashlight": "buzzlight.wav",
		"maskbreathing": "Mask\\deepbreaths.wav",
		"maskoff": "Mask\\MaskOff.wav",
		"maskon": "Mask\\MaskOn.wav",
		"masktoxic": "Mask\\breathing.wav",
		"music_box_run_out": "jackinthebox.wav",
		"phone_calls": [ "Phone Calls\\untitled.wav", "", "", "", "", "" ],
		"powerout": "powerdown.wav",
		"signal_interrupted": "In Your Office.wav",
		"stare": "In Your Office.wav"
	}
}